date,product,category,price,quantity,revenue,customerType,region
2026-06-01,에코백,잡화,31000,2,62000,재구매,서울
2026-06-01,텀블러,문구,19000,1,19000,신규,서울
2026-06-02,반팔티,패션,22000,3,66000,재구매,인천
2026-06-02,캔들,리빙,32000,3,96000,재구매,인천
2026-06-03,향수,뷰티,26000,5,130000,신규,광주
2026-06-03,파우치,잡화,17000,5,85000,신규,대전
2026-06-04,스티커팩,문구,7000,2,14000,재구매,제주
2026-06-04,다이어리,문구,13000,2,26000,신규,서울
2026-06-05,가방,잡화,49000,4,196000,신규,부산
2026-06-06,데스크매트,문구,18000,1,18000,재구매,대구
2026-06-07,머그컵,리빙,15000,3,45000,신규,서울
2026-06-08,니트가방,잡화,42000,2,84000,재구매,대전
2026-06-09,립밤,뷰티,9000,6,54000,신규,부산
2026-06-10,볼캡,패션,27000,2,54000,재구매,서울
2026-06-11,키링,잡화,8000,7,56000,신규,제주
2026-06-12,노트세트,문구,12000,4,48000,재구매,광주
2026-06-13,러그,리빙,56000,1,56000,신규,인천
2026-06-14,셔츠,패션,39000,2,78000,재구매,대구
2026-06-15,핸드크림,뷰티,14000,5,70000,재구매,서울
2026-06-16,우산,잡화,23000,3,69000,신규,부산
